{"train_loss": 1.7100882072887762, "train_accuracy": 34.812, "test_loss": 2.558714066879659, "test_accuracy": 22.68, "epoch": 2, "_timestamp": 1681097832.647814, "_runtime": 41.75929307937622, "_step": 1, "_wandb": {"runtime": 44}}