{"train_loss": 0.0, "train_accuracy": 100.0, "test_loss": 0.2, "test_accuracy": 94.38, "epoch": 200, "_timestamp": 1681520950.0628605, "_runtime": 1.296818494796753, "_step": 599, "_wandb": {"runtime": 0}}