{"train_loss": 1.5916525960883217, "train_accuracy": 40.782000000000004, "test_loss": 1.5803467065473147, "test_accuracy": 42.41, "epoch": 2, "_timestamp": 1681517349.9276555, "_runtime": 43.32363748550415, "_step": 1}